Entity,Code,Year,Men Overweight or Obese (%),Men (BMI),Women overweight or obese (%),Women (BMI),Daily caloric supply (per person) (kcal/person/day),Total population (Gapminder),HIV/AIDS and tuberculosis (DALYs),Diarrhea & common infectious diseases (DALYs),Malaria & neglected tropical diseases (DALYs),Maternal disorders (DALYs),Neonatal disorders (DALYs),Nutritional deficiencies (DALYs),Other communicable diseases (DALYs),Cancers (DALYs),Cardiovascular diseases (DALYs),Respiratory diseases (DALYs),Liver diseases (DALYs),Digestive diseases (DALYs),Neurological disorders (DALYs),Mental and substance use disorders (DALYs),"Diabetes, blood, & endocrine diseases (DALYs)",Musculoskeletal disorders (DALYs),Other NCDs (DALYs),Transport injuries (DALYs),Natural disasters (DALYs),Conflict and terrorism (DALYs),Self-harm (DALYs),Interpersonal violence (DALYs),Unintentional injuries (DALYs),% Adults > 25BMI
Afghanistan,AFG,2013,12.9,21.5086472,19.5,23.54970156,2090.0,34499915.0,559159.736902,3527350.6933699995,302079.587646,282475.205009,1919799.53463,205793.58459,221179.138408,615582.241007,2071797.8850599998,345323.934948,129282.005115,170308.104324,368447.57101799996,640738.0685630001,847821.5932100001,380193.163336,1557879.2538299998,838282.394294,12059.2734182,718251.148272,103157.339525,328380.48191,852112.5869529999,18.1
Albania,ALB,2013,57.5,26.464979200000002,45.1,25.69953261,3193.0,3238316.0,410.170590465,20502.6309348,298.926857293,337.120430626,22978.1844407,6725.11683256,1949.42615431,100486.679159,212530.107887,17222.0161571,7695.77176975,8039.90004437,48351.2711545,51934.3125768,34162.3509862,68703.381981,78698.3618003,19373.048968,71.3369182625,632.094734412,8639.02528064,4715.48918276,43461.4445132,56.5
Algeria,DZA,2013,50.7,24.2180873,60.8,25.93875133,3296.0,36983924.0,37405.6650213,382019.477732,19274.4978592,41499.139835,947886.991757,177939.75653699998,56410.3347796,509098.886614,1286089.96141,243208.12645399998,92364.68738239999,92250.67168150001,597234.647877,855215.238477,737241.350368,774597.3412220001,1390775.88267,522425.71825,856.790840568,16455.2390889,67670.415373,36306.096653500004,403353.771503,57.2
Angola,AGO,2013,18.0,22.69689625,33.8,23.98241684,2473.0,20714494.0,1166418.82295,2921074.84571,792502.784791,134816.271854,1542468.01399,701672.036968,438734.44532,337446.023233,556951.615081,171024.273292,138995.536491,156496.40191400002,208667.689247,398281.731406,295289.235477,226669.772204,802884.2185310001,398592.39718800003,55.1532565766,14276.062397299998,49883.151557599995,73200.292711,613533.437525,22.1
Antigua and Barbuda,ATG,2013,52.3,27.08053839,65.2,29.02906732,2417.0,91404.0,403.068176292,895.7313575810001,70.4573102358,32.2285073337,733.6957154339999,531.319608725,91.2095101812,2205.51098702,3064.5424070999998,484.79291017800006,325.569176176,286.118718291,1312.11151466,1969.93205418,2441.53163178,1569.29815146,2122.47196894,453.949044966,0.0,0.09628412969519999,96.3518722435,280.707147147,1196.32936279,46.4
Argentina,ARG,2013,66.0,27.4889604,59.2,27.14817972,3229.0,41473982.0,110158.00942999999,586929.644356,31801.1040417,24928.420434599997,403589.548342,83600.1499354,27348.0781676,1504734.75854,1800495.7733200002,425030.45305,183800.396002,150818.665791,598505.77965,1033363.84736,732334.340873,1098302.22688,1120458.89794,367036.69707,3090.08276906,1030.07738864,225397.54963000002,152474.890747,518364.355009,61.6
Armenia,ARM,2013,53.9,25.77919859,52.7,27.32795045,2928.0,3117722.0,4841.12837651,27550.394011,437.97004105,625.652163141,24827.6088019,8117.37397881,2194.09378659,123161.31748099999,219178.08471700002,25023.190599,21542.9016412,15806.7271815,43685.714128600004,56898.1374418,68663.967229,60839.1533757,86465.4301121,17199.293340400003,3697.26534561,412.477080935,9963.31044885,6784.73620037,45159.8067942,53.3
Australia,AUS,2013,69.0,27.45331026,57.0,26.72235109,3276.0,23213944.0,6895.64131633,81338.47919279999,614.789163276,1971.406653,73977.66777939998,11782.6927832,11830.295964899999,842474.699764,646274.869425,248908.59545700002,51184.0006896,54891.15248609999,423508.18994099996,739456.958934,271856.938225,685901.4423550001,522994.22989200003,118732.267406,41.1937317517,0.0,115182.41543699999,22096.2390949,200934.260263,65.5
Austria,AUT,2013,62.0,26.55039555,46.8,24.47608529,3768.0,8441263.0,4970.81879706,27152.821220599995,57.7238865795,378.199074991,22652.6660778,6478.13395816,2790.53335492,376465.972405,411749.067609,76452.46193060001,47018.171809,27315.989500599997,196822.29933699997,223759.240921,145286.552097,230392.47439899997,217933.263876,40522.5691653,876.116704595,0.0,48770.234088,5738.68380371,107984.63211199999,56.6
Azerbaijan,AZE,2013,54.1,26.25459633,56.5,27.82462938,3118.0,9533445.0,34166.4792535,289212.353166,1913.62387278,3249.6196933,243790.722107,46271.87670859999,15250.169141999999,273410.214676,724602.239224,67631.9047632,87510.8772347,30579.898331200002,133727.599524,207072.942876,178091.83739200002,161390.769322,262057.65185300002,51698.7824262,42.8197625852,2880.64808562,19919.8848303,24455.5042625,168651.99009200002,50.6
Bahamas,BHS,2013,60.3,27.10955405,66.8,28.80637621,2670.0,355233.0,5605.39392804,4361.21450814,173.109008662,251.004637217,3652.05927626,1454.51436156,509.436889422,13310.2457908,18512.4791315,2468.78382654,1913.84381096,1805.11826753,5273.22374022,8365.61323852,11228.343439799999,7589.72135729,9452.07636449,3797.84084084,5.36007775727,0.100994149312,592.707524844,4786.33988533,5258.03068286,63.2
Bangladesh,BGD,2013,13.7,20.80701341,19.7,21.29256291,2450.0,154393847.0,522881.59297700005,5149261.33815,599297.060434,379347.939394,5758383.96291,1308512.18431,772522.9247229999,2328140.3089799997,6379527.72671,1995345.0148599998,932545.725307,694306.282928,2074087.86535,3180737.27087,2375555.4523400003,2776034.44412,4075074.70112,1449063.55799,27782.8542587,0.0,622441.8732220001,312265.33539,2761344.91195,17.0
Barbados,BRB,2013,50.5,26.56683888,62.2,28.89963376,2937.0,275141.0,1249.67636568,3472.0208486,220.67469666099998,129.47992079,2880.49715438,1098.44567435,453.554705693,12213.5550149,12731.406745100001,1865.57876941,1066.45644994,1337.91085563,4822.27021751,5972.63187433,10389.7762866,6588.989026100001,8268.47336078,1591.2058799000001,0.147980071832,0.0,626.792565669,1473.61096727,2951.83538866,53.0
Belarus,BLR,2013,60.0,26.6690216,52.9,26.58315887,3250.0,9498290.0,38093.970786699996,57460.31931490001,554.492700315,1073.73919344,39775.8361594,11043.064423799999,7263.94824165,441511.62162700004,1312743.73541,68371.2727538,88885.2822041,53818.52653180001,169242.4297,316700.530373,113690.70754300001,237609.49840500002,243940.667106,98499.6087781,2255.70555045,535.782086575,110794.649269,36922.09518430001,308063.562145,61.1
Belgium,BEL,2013,66.5,26.83759423,50.3,25.15239497,3733.0,10815599.0,6278.42769895,83956.1345645,77.5355499656,1146.73887257,29128.102238,11079.5971629,6166.27297395,549887.9773189999,466602.18402,130713.97316300002,45951.9764913,47066.73020309999,272472.568267,289446.554212,156094.938139,322680.745385,296168.862707,68865.445981,0.0,75.025387918,82539.2015348,10929.185145899999,151595.027264,63.0
Belize,BLZ,2013,45.7,27.17631332,58.5,30.08319666,2751.0,330721.0,4818.42213965,5422.41720138,361.742259531,123.833539515,7112.04498894,2292.66488754,441.595691454,6879.786414499999,9750.81152539,2763.21506712,1761.57175627,1356.48988601,3988.71795529,6823.26254389,8875.54318286,4825.33917262,8725.12069304,3942.51652962,4.41756133177,6.820258689609999,1120.0726187,4088.38744274,5447.42792069,49.3
Benin,BEN,2013,16.3,22.49542286,34.3,24.10134155,2619.0,9606534.0,248450.042938,1431704.78553,750905.2101390001,83925.4722122,773123.243512,228480.79340100003,45547.3740412,172143.64374,275782.91609699995,74076.1924303,65504.598634099995,67755.15819,103702.98279,174251.96681500002,226391.97816300002,115577.272497,394906.39983899996,93882.28779219999,12.895797245499999,0.0,32714.304244400002,20873.4625058,187180.510671,24.6
Bermuda,BMU,2013,68.1,27.83481933,71.1,29.11355046,2671.0,65335.0,389.242089015,403.05736009699996,9.24957964399,6.151532550240001,222.59523827400002,221.01215194099998,39.5553759232,2335.71852656,2337.16991406,420.41674521,163.293029177,221.87368978599997,915.2871621260001,1426.95986456,1191.01154333,1185.28914654,1433.92169639,413.564789617,0.453546779415,0.0,119.608785115,132.51480086700002,524.8749702380001,
Bolivia,BOL,2013,48.3,24.89768516,56.7,27.28413579,2256.0,10409761.0,69891.52661,409218.07272600004,32759.4409357,26810.630232299998,348226.76777,108032.190627,30292.9387304,248050.872363,297528.852804,83338.4654862,50887.568734199995,80697.2416374,121442.693175,212428.813836,198768.479071,154605.100339,354285.87460100005,117734.604001,4712.48761027,5.670469195700001,32027.6242861,40680.655590300004,197570.053164,51.2
Bosnia and Herzegovina,BIH,2013,54.2,25.80851603,44.1,24.59943417,3154.0,3735880.0,3631.94000184,14205.3687618,311.00378073400003,294.36720240799997,16321.0763197,10979.0656183,2079.33278545,205518.50575,317110.350646,31293.0053278,15686.8921299,18819.168864400002,67261.84704010001,80596.5554594,93316.0071028,97518.2720411,100549.173868,21675.3860512,6.20298976913,6037.77791543,12446.0593626,6295.32991401,63753.2243015,54.7
Botswana,BWA,2013,29.8,22.59702094,54.6,26.35705965,2326.0,2074616.0,401384.263988,78148.3027778,8133.05678812,2548.97136786,38924.42554630001,14118.227579299999,6495.95724952,41322.756713,62026.0692816,22695.9204354,6249.2678212,8435.83998826,28770.588999900003,48358.717608800005,50753.99510380001,27361.293228400005,47890.2232356,25645.1929151,686.651123787,0.0,16086.1860909,17451.9450496,29801.4681513,36.8
Brazil,BRA,2013,54.4,25.56745078,52.5,25.98147159,3263.0,200050487.0,938448.86172,2716866.1334,498925.99804,138409.270163,2632862.54852,1004824.81034,224026.299573,5185592.68117,7476252.735119999,1587202.13004,1060127.79111,960439.868828,3180306.98107,5593785.19679,3406306.88276,4194889.37323,5720419.05109,2706337.36698,10259.725603,0.0,619077.282226,3328655.23182,2433052.45477,54.5
Brunei,BRN,2013,44.0,25.40171818,43.8,26.11553678,2985.0,419772.0,701.6184348930001,2290.55877373,177.93091317,150.247693811,2144.83911554,830.3455394839999,382.211070146,10496.5003388,10723.531212200001,3195.79743954,640.4372904530001,864.517024913,4924.25588678,7754.82444534,9134.17022482,7646.39482095,9033.63707702,4060.93584483,0.9130541155700002,0.0,909.7784237569999,383.92147640800005,5145.59748687,39.2
Bulgaria,BGR,2013,63.0,26.5721527,49.7,25.2071369,2829.0,7349462.0,6033.18304029,52213.3398619,568.670918464,985.338265673,29337.218497900005,14037.3865185,3951.48998119,400665.596783,1059058.5594,73864.652192,52473.094203099994,41005.531638,141312.43335099999,143374.356915,141645.699505,193577.16086099998,203156.764706,56721.24786059999,137.362332155,0.0,33390.0219139,10996.561141799999,152473.78735199998,64.5
Burkina Faso,BFA,2013,14.7,22.03568615,27.1,21.92640666,2720.0,18011507.0,490324.82508999994,2521413.30901,3047380.55501,136987.306392,1262142.08012,641303.56144,170044.574561,263756.81561399996,429660.087775,101751.189778,70129.5963214,139249.804888,150685.010655,270570.237914,424301.62201399996,173887.292988,868025.5836659999,166566.919918,10.245803581799999,81.005160499,45231.138281,14510.2878562,414235.974279,18.2
Cambodia,KHM,2013,12.0,21.7372417,20.1,21.80517277,2477.0,14656016.0,209292.223354,844228.797704,148087.238701,31706.422008599995,493026.515082,142240.625482,85093.3320421,323376.64356,559960.989675,146548.33126500002,225035.266925,150712.717008,165450.530241,260250.53331300002,226083.24031999998,230997.02555700002,368574.81043400004,195433.108456,11717.9981735,20519.6067697,42850.102128,41941.791429000004,312100.860047,18.2
Cameroon,CMR,2013,21.2,23.40578035,39.4,24.93684811,2671.0,20913595.0,1786269.0848400001,2655399.86174,2330068.09241,228512.36342399998,1590964.51457,419107.51221,313969.566716,427406.505107,627852.67652,164428.406924,182303.619144,154939.85850899998,229903.99440700002,385132.781279,498873.801187,240901.70529699998,964487.070411,210891.786845,170.27131395799998,27255.0336171,82892.49190549999,56107.0430591,488396.664133,27.8
Canada,CAN,2013,68.5,27.40418444,59.5,26.65219871,3494.0,34993747.0,24250.031411300002,165676.863281,336.496033029,2216.03086233,130783.875304,19291.760461200003,15788.9662881,1505243.6625,1154188.32374,325644.181478,106370.870907,103748.015923,660998.121579,995138.5194610001,532062.649078,998124.6093639999,856465.529386,207043.510501,137.986650543,22.5419718502,189289.421803,44818.6325064,372537.764561,65.8
Central African Republic,CAF,2013,12.4,21.45292298,26.3,23.24154215,1879.0,4666833.0,928359.9913270001,1053890.30708,354256.701686,77279.32456139999,415489.686237,218287.599081,143543.75594,92389.93408189999,236057.640796,55308.8470989,33444.9298428,58993.2832576,46425.4135104,90149.0442052,91452.5403928,57106.33173759999,186735.260744,118464.803034,0.0,192657.495254,18132.9224593,20468.883329,152039.955145,21.6
Chad,TCD,2013,14.3,21.91676894,29.8,22.44822765,2110.0,12141876.0,807515.401287,3413723.3554,669158.228537,188164.893835,1179695.19663,542970.042989,371838.093743,182511.669195,327967.84490100003,87538.5521629,75476.5200845,100339.476941,117848.95358,211507.219301,259391.27178600003,135799.904912,515258.114531,119811.25820499999,24.6356571702,4041.05740696,24573.5270275,27913.1186791,350998.49353000004,18.2
Chile,CHL,2013,64.0,27.55286137,62.7,27.92599375,2979.0,17574464.0,37628.243834199995,101235.590159,8235.50445576,4184.40179903,89047.14748180001,29485.3963847,9924.18483549,541601.350503,499675.64620699995,133630.860793,124442.28000099999,57966.199389400004,263001.398071,458034.90439,257893.52600100002,539216.8478,459435.588356,119048.762009,867.381036211,16.1312519781,90260.2993287,45970.698876,171181.128851,62.5
China,CHN,2013,37.3,24.11437233,32.4,23.32968719,3108.0,1359368470.0,2958488.5625299998,7731542.50765,2122831.99889,201877.000755,7805077.749039999,1841768.5345,973660.5552950001,56744143.4492,76007355.6512,17737911.7544,4628717.44142,4636247.3759699995,15709557.7374,29829649.1722,19844183.2827,26033542.2991,29321410.8845,17782328.3956,80492.5546746,10404.777385299998,4701137.14149,1629909.35878,17498427.4525,30.9
Colombia,COL,2013,53.5,25.43092125,57.6,26.33267469,2804.0,48165221.0,157958.367737,414090.866118,84801.0965359,29303.9784941,556642.387112,118539.67931099999,32135.984673000003,968037.2837469999,1112017.70358,357809.868554,87269.03539680001,190677.463279,668324.5970729999,829308.273461,612720.177429,792496.699134,1266044.38932,393423.316804,11118.9618368,10560.4653829,138046.464932,921963.908962,408949.787808,56.4
Congo,COG,2013,21.5,22.14645046,36.1,23.87241018,2208.0,4324199.0,329480.797351,381841.016298,219624.283041,37265.3212691,232997.141627,107957.188237,26062.3700634,81676.3893695,139280.298253,34436.309240099996,28756.9796695,33015.0460532,43183.3936095,79391.7612798,63949.85788119999,49449.590519599995,137278.476344,58159.2854074,1.47427116794,5612.08022119,10928.6443705,13115.2286132,84691.65314410001,26.2
Costa Rica,CRI,2013,57.6,26.48140627,61.0,26.94600351,2848.0,4859957.0,9490.9954214,27900.964955299998,4234.30426572,1304.72249195,31685.0446486,7485.42349823,3158.0725453,105561.46836299999,103278.95234199999,31121.9230046,20898.803601,16368.3924859,71020.5875802,90266.8506312,67286.9723153,78106.94108969999,125648.279858,40837.071108899996,329.95809739099997,0.0,16321.2252514,21881.594043099998,38432.1232191,58.5
Cote d'Ivoire,CIV,2013,21.8,23.19248201,36.7,23.91016852,2799.0,21057316.0,1525949.01519,2739838.63337,1991105.15032,215369.35593400002,1718287.2176299999,424125.342089,176651.057997,332321.29973,832937.996888,183060.74719300002,201298.19336099998,166008.542572,209310.488847,354843.87163,482197.83067600004,243400.919361,943364.356669,213764.273392,10.6904723639,7564.18147074,77668.718893,33822.9777916,490128.533983,26.8
Croatia,HRV,2013,63.2,26.93671326,48.6,25.13024951,3059.0,4378806.0,1861.75631979,18214.0213295,96.989693119,287.84198117799997,13423.246063699999,4044.53353962,1530.50041601,271760.341137,384764.47434200003,39324.6229403,32856.206532,25366.9487482,83981.5651822,96387.50011689999,70465.22388089998,121985.07670199999,116041.82613399999,35195.3208318,7.42019995755,2226.72929394,26472.6506569,4116.65879782,80170.1902862,62.5
Cuba,CUB,2013,50.9,25.15616597,60.9,25.94486006,3409.0,11244424.0,19987.926271400003,109181.943286,13594.864956200001,3976.47910112,44351.6407316,41962.9705385,9202.0142574,486909.38765,568826.1725720001,108429.5462,43600.9991565,52228.356706800005,193267.02894000002,280777.36509000004,188648.06773699998,230203.53934499997,300605.107954,54952.7565166,2568.80771429,3.56288703044,55826.8368398,34014.222689300004,135597.917997,59.9
Cyprus,CYP,2013,63.9,27.77627951,55.1,26.35605804,2649.0,1141453.0,390.68533115300005,3756.00627456,11.1145084021,80.9025977529,2958.10102178,633.884076129,320.618589032,29032.4596602,35833.4817861,7789.66076404,2116.63967485,2465.85691743,17541.7097453,20493.2989352,17685.629610699998,23819.1937588,20629.8803134,7282.70525413,1.53887042704,0.0,1871.52474106,1114.97086881,10057.464328,59.2
Czech Republic,CZE,2013,68.8,27.54176337,52.2,25.81920382,3256.0,10589806.0,2157.69740902,68679.6113438,120.352252441,757.755007279,26111.843268099998,18088.230850599997,5300.37451145,564842.6902310001,781678.424405,84974.9120134,64088.350538,61324.7297102,193872.937476,219805.44265900002,187562.13256099998,284498.542922,256610.63215900003,80127.7883546,7.249562314139999,0.0,60584.81831930001,11825.8122521,254178.224341,65.1
Denmark,DNK,2013,64.4,25.92813629,46.3,24.46882312,3367.0,5611187.0,2575.88711727,37073.282672400004,40.1433313414,284.99013111,16483.6316524,4492.30040051,2057.26690923,301934.298965,212637.664403,75949.82481869998,25783.583913,23645.239023299997,111842.48433199999,153446.78403399998,84319.13491950001,217666.404024,135732.69174,22431.8764469,0.0,7.677213558560001,24735.1963033,3867.43797109,59361.7605541,58.1
Djibouti,DJI,2013,24.2,22.39049998,34.5,23.66148254,2607.0,940090.0,63929.08927050001,88873.0611242,2880.40025617,7076.82530019,58823.9195837,35009.2566396,11895.0830765,19233.9679729,26885.739165099996,6019.11128358,4088.79769975,6488.82279306,9471.86397814,16250.3042579,14628.5485519,9687.73678834,24209.7521961,6995.26114746,16.428480400399998,69.5290763217,1523.26888786,4419.84205436,17733.0786154,33.8
Dominica,DMA,2013,50.2,24.84967003,60.7,28.66220646,2931.0,67702.0,371.38613218300003,879.412078772,46.50593834479999,20.3356327487,1622.4818080999999,217.999665969,95.6433342283,2760.8487118000003,3420.13442185,569.505579626,287.438773238,354.15829760099996,1074.67801925,1502.30826191,2397.42765085,1238.61986273,2092.70120512,628.97500194,3.7596905241800003,0.0,145.485913155,390.098701219,896.9463214660001,58.4
Dominican Republic,DOM,2013,48.3,25.33809867,58.4,27.05303634,2614.0,10308609.0,237057.93498899997,169135.015998,13275.4715456,8855.2501692,309770.866985,38254.72139680001,10306.7974404,163987.795934,354633.034287,59669.7241602,31978.2666363,30751.360891400003,121912.8052,201976.11135,147262.108569,154138.914906,289004.857967,107612.413149,153.535055965,25.0299702886,22370.7769456,79669.378158,111092.70483199999,56.8
Ecuador,ECU,2013,51.6,26.2457691,57.5,27.44604421,2344.0,15061398.0,67084.5392516,246186.14150599999,28332.286464999997,15230.6453428,267087.987981,31579.9455302,16117.544624899998,298368.96400700003,330257.022711,71895.6748801,68033.2091107,75113.41584850001,195349.370219,325671.51616,282259.27964699996,249943.670433,453581.363079,219120.751035,3250.39841678,24.510470022800003,64693.46691819999,121911.543509,211826.06951099998,52.8
Egypt,EGY,2013,54.8,27.22550389,69.6,30.53168774,3522.0,85378440.0,48717.6264725,2827307.23911,116277.898072,72930.42471889999,1388749.34361,385907.386511,129853.10905099999,1464741.0151,4810778.07538,862446.3621649999,1248710.05912,385065.175123,1196444.1136100001,1777994.6144599998,1882552.95995,1672462.66074,2714722.88259,1411597.95244,199.996671902,15032.433860299998,143951.63771500002,54212.020961099995,841247.872376,59.4
El Salvador,SLV,2013,51.5,26.43453482,59.3,27.89991809,2577.0,6302723.0,11503.6058569,92800.8681692,6552.77124677,2806.36095662,55343.5995056,14344.5219468,3887.46519678,121076.652053,165493.307288,37938.8794436,40401.165846699994,23225.8409731,87085.3454231,147773.863231,182130.884066,88029.8706887,170040.434224,71548.02891180001,821.9832371739999,3672.5472364,29065.6118306,180105.52642,57998.8189772,54.7
Estonia,EST,2013,60.1,26.709859499999997,49.2,25.75265684,3253.0,1338832.0,3186.93397416,8245.01908951,21.6455017869,135.794099401,3437.0297965000004,1318.18287647,617.267614356,64955.1519125,117464.28159700001,7858.797032100001,8048.26356496,7260.32928126,26396.9364367,45754.2005225,21801.4768229,35639.284068199995,33232.40060940001,7412.16234521,0.37438217806,2.23823135255,9192.43609574,3824.10769232,32639.3956247,59.0
Ethiopia,ETH,2013,10.1,20.05427644,23.5,20.89823629,2131.0,88356373.0,3633671.7535599996,9938489.41354,667440.841596,723572.082925,5461987.2753800005,1962661.4819099999,963340.542207,1837647.35056,2741050.8678200003,638560.552182,541256.0585159999,679534.864195,854746.176188,1725901.95143,1271462.8349,891307.2269059999,2147984.02014,724977.798786,154.938792453,53069.021522300005,256735.624167,552979.608167,1582818.92601,16.8
Fiji,FJI,2013,58.6,26.14441505,67.1,28.51086124,2943.0,882863.0,1937.67655378,23202.6759068,2567.16295045,759.920690743,14196.2434199,4538.58672301,3055.36481386,22223.9195737,70697.8207209,14839.7284477,2587.57183471,3670.40875275,9299.2639814,14851.572788999998,75865.5789143,14513.303858500001,22760.4956628,6697.87080626,30.6120047935,0.0,5167.77842522,2830.39121778,14115.497473,61.1
Finland,FIN,2013,61.7,26.4201582,48.4,25.43409512,3368.0,5418763.0,1269.49357081,20840.0141915,63.417404419899995,271.466304893,12361.693038500001,3413.88573487,1518.42378795,221405.161636,299688.712185,48994.005436,34047.4968517,22495.9323366,137139.19005499998,171188.892113,67272.97211209999,159255.513728,138207.27254,25682.378149,35.9487239554,0.0,38931.6146948,6249.82708628,85587.7717788,61.4
France,FRA,2013,66.6,26.01315352,51.1,24.38740274,3482.0,63782963.0,36856.045055300005,354537.73517,569.8144499919999,6439.88461521,185731.845955,60967.1741676,23641.9485688,3165528.52877,2202209.5372099997,418204.53950199997,264577.413266,214883.177473,1437427.99085,1750815.5482700001,802670.753585,1733416.12237,1610213.18786,332691.75096,92.9919573624,158.626976215,428023.930635,47128.0790578,874305.3489959999,61.6
French Polynesia,PYF,2013,82.3,29.53546429,82.2,29.57477245,2927.0,279632.0,,,,,,,,,,,,,,,,,,,,,,,,
Gabon,GAB,2013,33.1,24.05040855,45.0,26.07938203,2830.0,1594205.0,102436.587084,85753.8787077,77087.6954384,6896.18525087,76844.7418078,31463.97867,8432.64652317,34934.840671499995,52898.4262703,12890.270317100001,15035.2051123,11386.874377799999,18843.2978185,31845.490631700002,29419.3953384,21108.0999323,51429.6661264,24264.991416,0.0,0.0,4623.50383382,5285.24833149,29058.241951300002,35.2
Gambia,GMB,2013,21.3,23.01555875,35.1,24.25789369,2628.0,1874360.0,63186.0612765,165341.80358399998,42733.698540900004,14009.343561599999,132040.242839,49617.4601692,10965.5011927,30083.4842616,39611.1862991,10308.370954799999,7755.01887371,8420.96881408,16737.7780007,30853.6324325,27006.9778524,18328.2497444,63521.607178,10547.9263625,4.00236645549,101.64038983100001,2665.55272927,1891.84953355,29610.7765652,26.0
Georgia,GEO,2013,51.9,26.91953153,52.9,27.06566366,2905.0,4278410.0,10620.1084441,30430.8164898,1648.34577579,1484.43200468,75895.5612669,17328.467462099998,4788.85440365,168303.273778,490342.01972700004,43928.898877800006,37727.346984300006,16170.9244192,66819.93813159999,78130.2498296,78999.90506599999,87160.5193646,117100.494965,40945.136915099996,17.1145060523,1579.57982188,12292.678942899998,9074.02904817,77926.3544619,54.4
Germany,DEU,2013,63.5,26.99303424,48.3,25.5562668,3499.0,81804228.0,38942.9928423,487027.375887,664.490358889,5823.23803349,221633.63022,77823.5361592,32976.6729868,4286052.9226,4690272.1918,888436.652678,462158.74723000004,374674.021456,1880038.3119400002,2141010.2992599998,1463800.6699299999,2605475.2840299997,2254134.53162,353958.046437,0.0,0.0,389813.451935,52564.22259709999,929467.764539,61.4
Ghana,GHA,2013,21.1,23.22874704,41.6,24.82044505,3016.0,26131336.0,1132814.21264,1569652.01936,1802846.11324,83813.6684669,1776008.20815,514462.71488000004,98687.0165221,443523.18953599996,867955.295833,159800.935816,221474.924977,145527.570223,261136.955566,449390.79577299993,548123.088591,287081.136443,852725.275913,196974.500882,30.330757837399997,479.905022653,54810.295111,65917.1396618,439421.58787399996,27.3
Greece,GRC,2013,66.4,27.42255681,55.1,27.08075014,3400.0,11445691.0,5290.99186247,50879.3658623,259.25156565099996,879.867198123,28996.4556876,9053.45168991,5312.98733721,526676.812979,721610.889857,134654.838366,26751.8140968,33593.00702809999,256271.035923,283702.81177800003,148209.303746,324530.556256,282592.07664600003,86796.2304529,83.0225778846,0.0,19347.2609023,9038.2810459,119024.18041500001,65.4
Grenada,GRD,2013,46.6,25.06665598,61.0,28.42515768,2447.0,105719.0,421.515411171,1872.44557437,124.019726533,60.794403315699995,1597.27378354,396.845008549,182.170090557,3894.46993283,5366.76478148,872.074044837,500.653010531,570.934904939,1512.08892366,2244.67473444,3730.53911159,1920.44411888,2671.10530461,964.755438264,55.2065261245,0.41178657130400004,385.055319087,450.702634344,1973.11821917,46.5
Guatemala,GTM,2013,47.4,25.4182289,56.9,27.18655759,2419.0,15527502.0,48216.8846079,673592.510004,49850.710113199995,24656.1321721,348796.355949,114766.517862,22019.972604,260513.908215,297554.755857,70536.82205389999,134043.546503,95833.6455587,193665.148202,355329.460662,355563.407629,188493.461135,437523.482278,141349.069062,1726.86059177,2580.71501582,49389.5960367,311052.762644,255998.396344,49.3
Guinea,GIN,2013,16.1,22.19355373,30.8,23.20914671,2566.0,10753680.0,470875.62318999995,1708949.6652600002,1376823.65207,140650.434518,992988.412664,291096.468574,134917.724672,241348.88441799997,388673.360917,99677.3595275,82991.57396030001,88505.9009588,112976.89303800001,196577.332541,254588.89433699998,134604.964428,524096.88802799996,95294.39794430001,17.1586756421,6488.50052302,24899.5787905,24512.1411927,255384.565156,22.2
Guinea-Bissau,GNB,2013,17.0,22.21891345,31.1,23.72112422,2292.0,1612913.0,161390.72299100002,226974.199091,56825.840608599996,14754.5794329,142845.516794,44922.671042400005,51865.0809306,39596.435132,82097.8411246,18062.7537461,17235.7078169,15674.5890977,17295.906607,30263.226827099996,43540.0041541,20354.2428292,69519.46223430001,18715.7589371,0.0,156.02509982200002,5330.01117397,7267.37641177,44442.8289377,25.0
Guyana,GUY,2013,41.8,24.90813144,60.1,27.41194956,2764.0,759262.0,14601.940481200001,15195.5775326,3170.42173942,1214.30080074,21941.4747553,6369.31350279,1319.22294033,18452.2065816,53416.191061000005,6085.52988652,7916.24750906,5075.39238508,9911.36208632,18519.7637719,28987.2650712,11262.1794207,19101.348673599998,10023.4908256,4.0096479475599995,8.943401321,11434.283597,8039.31619226,15731.154053999999,45.0
Haiti,HTI,2013,30.1,23.9155108,44.6,23.7798715,2091.0,10388424.0,498949.086909,880456.3268340001,44131.992287,71352.9137015,585551.0371470001,167011.796772,72892.01254580001,277822.066267,673512.0270720001,132568.08115399998,49118.350526099995,104371.55432000001,125800.30991199998,206596.78102999998,300223.90173000004,141824.204246,388935.329148,178876.151163,22448.057788,127.736289328,47799.3373224,47408.104912099996,246342.732012,47.7
Honduras,HND,2013,46.3,25.37762555,55.5,27.14199062,2641.0,8071522.0,34337.096072099994,139481.214627,21788.125636700002,12375.139408,165628.218094,34080.2030114,9775.45394704,136927.341751,284976.79846799996,72297.70417000001,42223.538681699996,61326.7254337,107651.06653099999,143243.388955,150434.102943,103730.117354,198496.461354,59207.7272887,2440.78313893,55.562943019399995,13102.3178343,146170.045474,91164.98376060001,49.3
Hong Kong,HKG,2013,52.7,25.04061477,34.1,22.76805325,3290.0,7274125.0,,,,,,,,,,,,,,,,,,,,,,,,
Hungary,HUN,2013,66.6,27.36807712,48.5,25.534139800000002,3037.0,9933795.0,3104.33715029,40648.865860900005,409.291985546,947.0276435669999,37066.154489099994,20380.4723801,5231.30850466,713291.970451,969148.294618,123809.39612,110472.348568,69203.1290496,186467.985551,212870.953025,175146.88858199999,282149.406289,254646.63703200003,62468.785337400004,20.2635415558,0.0,79901.91984330001,11579.5983845,224344.910508,63.6
Iceland,ISL,2013,64.4,26.75490304,48.7,25.15258947,3380.0,331996.0,129.450890163,1662.63629678,2.90968055412,14.9884060917,731.1915520160001,185.68133406400003,86.4808075746,11719.692254799998,9906.04758773,2831.09318549,392.19627485,757.345724864,6486.14703008,7696.17603131,2971.26094944,8813.80740595,7843.92020432,1393.78303809,16.7554286674,0.0,1480.43189079,208.548878029,2986.99731072,60.2
India,IND,2013,15.9,21.16686424,21.1,21.4846213,2459.0,1275137828.0,22903373.7862,71664157.6019,8113320.884989999,3345547.35925,44722033.8655,22187114.123000003,5972936.24789,21652100.0614,62532278.2418,27691258.8441,6997848.60998,7098364.11751,16024782.3004,24843358.2551,24828304.1612,19679364.6693,34614253.1998,15757235.2675,377547.872281,17446.707177400003,11651269.793,2906539.54635,26232126.3436,17.5
Indonesia,IDN,2013,18.9,22.23003526,27.5,23.2827449,2777.0,247188189.0,3784205.1355199995,7023104.233039999,1132893.45194,810180.198982,5509565.85399,1537193.7168700001,742386.389579,4064905.4162699995,13350729.7296,3083989.9270900004,1674832.6251100001,1901288.9365599998,2886016.14787,4052028.8388199997,5279465.96065,4099976.81934,6458008.19611,2470262.96136,39572.8363353,19617.612566699998,405674.555281,338762.40098800004,2629084.31315,25.6
Iran,IRN,2013,55.7,25.20628305,63.6,26.96848641,3094.0,76407013.0,54536.1707089,693216.3027390001,18683.9134762,21842.4379088,1569811.06695,193006.687925,107666.36146400002,1340112.6462100002,3152977.6211099997,499735.818718,134553.420384,204743.65876400002,1213365.6241600001,2412303.99093,1397304.68126,1688110.12807,2215505.7775,1627276.7422200001,15587.4198032,103381.661672,272143.108466,121521.61285,965643.406469,57.2
Iraq,IRQ,2013,52.8,26.84181312,63.1,28.606426799999998,2545.0,34776205.0,69721.0780153,1032027.10659,37002.5988084,52163.180366,2091838.10375,271993.99721,100137.055586,507731.74367299996,1888378.98296,240339.108371,69791.0181331,89663.38583039999,427877.616452,784963.310758,882004.6650629999,454865.185259,1392591.19724,475361.15505500004,10.8799201833,997842.8674809999,134933.464921,162522.409794,708039.194859,57.8
Ireland,IRL,2013,66.6,27.7680554,54.3,26.93454903,3600.0,4631391.0,1549.29204838,23548.656569400002,37.8843380176,371.33593616300004,12667.406998999999,3520.5823757,1675.59672239,171577.790286,146907.643418,50641.146813,11001.8575626,12646.502868000001,87282.0558136,126413.23809500001,49751.3634661,112884.075223,115369.02616600001,17783.0170233,3.12034476248,0.0,22419.9047882,3074.20274411,46446.582086300004,61.3
Israel,ISR,2013,68.0,27.04283789,57.9,26.66522246,3610.0,7818860.0,3381.7716614,40200.201476099995,159.972858777,1115.42380109,31648.1919314,9097.39863545,3176.31781348,225145.25353800002,174319.664531,48814.0768744,13538.084795899998,16832.9104359,132173.647326,156710.363477,127284.861777,179774.795424,194667.050004,37392.8848193,3.0849682892400003,8497.56302864,24916.0565368,11391.4150842,63644.85859730001,64.2
Italy,ITA,2013,65.4,26.90945975,52.8,25.07698621,3579.0,61087395.0,55512.129697899996,211145.27176,1343.30181604,2545.49331109,149782.746368,64920.187178199994,26396.3024141,3038065.11932,2708131.58187,495714.534072,234423.150579,221632.600231,1640306.25663,1413352.10061,982512.2355020001,1800793.86953,1531441.66034,369776.346732,2211.48371823,0.0,152065.644073,41870.1331524,652846.4878529999,62.6
Jamaica,JAM,2013,47.4,25.46795396,62.8,29.00636509,2746.0,2771179.0,8233.57370897,29587.0538126,3583.58734681,1870.7119758000001,63998.9055202,17776.5037866,4167.45564389,90223.628761,110560.50998399999,23819.7913648,6001.70647882,11395.7064985,40145.847233199995,55899.67657,99808.6172395,51082.0310752,83358.9621014,15071.879897799998,14.629664302,33.5239919801,3701.79569797,36455.042215099995,25017.295820599997,52.7
Japan,JPN,2013,28.5,23.54152428,18.8,21.75314677,2726.0,126345235.0,54900.050136599995,1120342.74164,3316.27376475,5810.38606136,167955.809434,179326.211729,58487.806395700005,6092405.49971,5016103.93715,1132291.99487,455254.95709,382639.09592,3298474.15882,2493702.1287700003,2208934.05961,3877188.33424,3491569.0669199997,506631.242938,11556.7499432,27.961883832199998,1019663.42418,68410.6513905,1573703.59076,28.2
Jordan,JOR,2013,61.9,27.81533668,69.7,29.61377931,3100.0,6572903.0,1025.3400478,70171.4074288,2884.31486579,4423.81558613,153183.07190399998,32886.993685299996,7034.44849469,104774.946989,176058.462867,38787.9231706,12332.2097142,14401.262209,93543.2967408,156020.49920299998,134010.45491600002,123274.564041,236715.490759,73073.89199169999,0.0,310.337107191,10015.885162100001,17269.2913285,67900.27272159999,64.0
Kazakhstan,KAZ,2013,58.9,27.00257386,55.0,27.24040896,3264.0,16550975.0,72525.932772,213334.50277300001,10326.2566625,4952.97820205,258213.418325,131221.77551099999,21771.055467200003,496114.97618500004,1435093.7540799999,174176.25764300002,243486.19845999999,79789.6824416,224095.57280300002,423582.17873000004,223954.24523000003,288696.762631,479447.88802700007,213775.452977,446.049946508,94.55103175010001,221647.850509,100774.892921,375662.841046,51.4
Kenya,KEN,2013,16.7,22.22709701,33.1,23.88753534,2206.0,43923719.0,3307821.3239,4837779.71625,398893.610948,224542.015344,1861098.4095400001,603050.54244,227906.352895,441354.82485900004,704791.703953,217805.652555,121213.44047100001,211676.813927,367338.27132,707833.464433,415910.970113,427549.912529,970026.231924,229019.30669499998,7253.37045911,9501.04923381,78770.15796699999,206893.959018,569049.93885,20.7
Kiribati,KIR,2013,68.7,28.22293221,78.0,30.69435239,3040.0,104251.0,1665.58057263,6215.81648394,107.47598146600001,280.656993144,5216.63617584,1999.18351336,564.093778994,2665.85716859,8475.00935971,2672.26395693,902.446142996,1320.64641785,1241.53120556,1860.74279768,5927.94580442,1547.09716562,4023.27798464,966.411281131,0.0,5.10254726069,1420.51533797,297.915429495,1715.30590891,76.7
Kuwait,KWT,2013,72.4,28.21360246,73.6,30.23553874,3501.0,2959015.0,911.574740322,20687.2748301,35.8783237823,537.52806026,22116.5940632,12365.9170449,5609.4837941000005,26276.320803,70760.9562589,14596.9062306,4027.49578566,5246.35835605,46531.7435051,88914.2013632,42012.9155651,68935.3728329,84100.9923808,31472.1905637,1.20772794311,495.333422431,5056.55357866,2953.71832023,26751.2041208,70.2
Kyrgyzstan,KGZ,2013,44.4,25.53298035,47.2,26.71978601,2817.0,5503253.0,37374.4060928,150030.415606,3898.42851193,4399.97798435,217444.12511599998,42601.6574061,12086.606339,103521.383491,345524.089206,43240.7791145,76036.82920289999,20161.8515843,73468.3724737,125254.83078399999,71187.2058871,83884.7317296,165160.723651,60788.276752,1079.80246766,221.77459293099997,34023.0412288,18933.6158051,99376.7890849,43.0
Laos,LAO,2013,13.8,22.17324596,21.6,22.58314705,2451.0,6458911.0,87034.9885237,674889.179623,24472.9281623,30515.5685175,512716.48069399997,56787.7259827,25485.6948115,126787.121833,327121.626883,88705.99623589999,35018.340821599995,48156.4944133,69075.0094668,110176.602652,130814.629144,89023.40274810001,296659.015119,101892.128878,1207.26899699,213.902897969,34012.1902964,4812.24257241,147392.736655,20.1
Latvia,LVA,2013,62.4,26.72606422,53.0,25.95308391,3174.0,2226260.0,8279.25237902,15804.9497044,139.26128786700002,244.588933788,7009.01296021,2386.33942283,1508.98432555,114925.67947,259371.13214899998,12493.9360036,13443.241036000001,13729.200773100001,40298.293993800005,58449.92531769999,36089.7845185,56274.80232409999,57102.9737844,15754.580287399998,0.651588650568,0.0,18279.283525,7505.54707779,60615.904665999995,60.2
Lebanon,LBN,2013,63.9,27.47268832,66.8,27.15356139,3066.0,4324060.0,2753.8361931,26986.3507023,542.626668506,713.0574190030001,36406.9136895,15667.3390183,5026.82580032,137213.508977,156810.328355,34775.645778699996,9470.28088755,8833.02775754,84491.8059807,129864.89136400001,77648.32699339998,95533.35990610001,137757.349533,22535.072127900003,8.591247725610001,68801.6858491,6347.77186663,10444.030300299999,40756.3592349,64.9
Lesotho,LSO,2013,18.3,22.65961116,51.5,26.94300924,2529.0,2240126.0,752294.175255,246734.55695,5985.83036042,12721.810457,121855.45205699999,24663.890677,10820.2390459,44927.5483601,98909.885295,38663.6563741,6690.14008566,13070.4395157,27436.3797326,48484.452696,65137.0204238,25140.792180599998,55658.528646000006,50603.914077,3.8753997040900003,22.6255347794,24632.9102971,44058.0547052,41270.5912145,31.4
Liberia,LBR,2013,16.8,23.13376432,32.3,24.72007298,2204.0,4348740.0,177526.93666900002,563953.0930850001,294788.252234,48257.006295499996,252577.98463800002,61421.528452,50155.1929541,67694.8628765,117941.605686,23268.391216599997,31016.673858899998,24161.962927599998,40795.5569892,73854.39408360001,77570.53795160001,46570.257445699994,151738.161341,24998.770025,4.6133724023400005,4894.99926176,13236.6621823,8044.07297093,63507.8251345,26.1
Lithuania,LTU,2013,62.8,27.26355384,55.8,26.1048735,3417.0,3278337.0,10102.4678721,24676.33526,158.528817621,358.773984542,8220.63004618,3148.78207559,1856.01728255,164664.09396199998,347302.77892199997,21624.2957527,33973.9739561,24219.0485246,58191.5738199,93621.4304633,40914.0837884,81398.1947608,79518.25317669999,26510.5140803,7.59547465085,1.30922237824,46472.1427947,11227.700295100001,95524.8041565,61.4
Luxembourg,LUX,2013,66.8,27.467381899999996,47.8,25.40451634,3539.0,530018.0,244.089998501,2475.16086191,8.48422404643,58.6688154059,1270.63687318,430.601440555,286.4577007,20992.2693228,19385.1268045,5359.90132281,2199.88373474,1763.16170928,10761.6047234,14335.8638461,6642.96521846,14816.9578481,13280.468828799998,2448.77973601,1.70592860346,1.50840375053,2213.06071766,422.875500428,5859.52441378,60.5
Macedonia,MKD,2013,59.5,26.25287412,47.1,25.40130028,2949.0,2069219.0,1039.9593683,9085.22016643,113.84684923200001,190.588953327,15964.232702700001,6326.53184408,1059.65051233,103856.67454600001,214363.478595,15197.6198711,6396.33012113,8523.68363091,32808.8939283,38631.301034699994,44166.139077199994,46752.8446574,50255.3483631,12975.059140000001,19.7219640571,66.6821962372,7219.86571443,2885.32339857,32089.1545922,59.1
Madagascar,MDG,2013,14.1,21.1514794,27.1,21.00414325,2052.0,22555046.0,300857.16114,3507614.63559,589023.882147,192715.57041400002,1667284.27961,1107266.9816299998,565051.849482,389836.964219,1065121.79591,310290.832101,97272.5352178,160107.34845999998,199565.465877,395616.460982,281107.387508,231531.39136900002,684508.469388,159679.969826,2882.79405027,10767.818899799999,54359.09768230001,39115.1938171,395787.416562,19.5
Malawi,MWI,2013,11.4,22.28353535,28.3,23.14618383,2367.0,16406945.0,2539061.06014,2063763.6631,851444.876071,113109.73200399999,1406490.71973,512173.76077299996,182146.761355,524499.93172,391110.814975,108745.7946,64196.94262180001,120710.896237,142811.197503,257514.020119,215227.015946,149654.324676,424758.4176,131488.689379,56.5244669007,19.6896155314,39495.9585918,33880.429476,328437.418842,18.8
Malaysia,MYS,2013,36.4,25.01728761,38.4,25.651417300000002,2916.0,29787203.0,129994.158149,483804.143006,96489.4087114,17204.211339200003,162730.789247,92574.2678731,39142.8433231,571333.824212,1212870.0012,271780.828877,75545.245871,96189.2477174,346019.44068,591606.093273,449472.87722200004,462595.78951800003,631649.120258,380222.935694,108.81683857200001,4069.42396327,90109.96919460001,47714.3453381,245815.42099699998,38.5
Maldives,MDV,2013,27.1,23.91894979,33.3,25.36448778,2732.0,328551.0,313.922901465,1979.58164897,607.99144572,205.06008625599998,3173.5662165999997,2923.42688487,274.730939503,3371.33680063,8819.29846769,3405.33291986,567.155318573,280.472445467,3879.40729722,6162.01878712,5461.96090147,5131.44937948,8111.69166333,1283.97678072,16.3613810744,0.0,519.1139963640001,342.93567631900004,2734.0576489,25.1
Mali,MLI,2013,17.0,22.72635384,30.4,22.85300829,2890.0,16808242.0,334659.864661,2658350.45725,2546807.53655,161990.19983599999,1833403.5458799999,802664.1795310001,395369.986315,261673.346186,395521.655663,126315.890992,64238.268858300005,96308.81279129999,137735.700972,240470.780154,294626.949894,153432.842899,674482.588752,120294.837155,2377.64359801,56113.7801161,20356.641557299998,29150.389402999997,336035.053814,22.5
Malta,MLT,2013,69.3,27.70555568,58.2,26.75572533,3378.0,420557.0,155.893140842,2282.38487164,5.86685832898,22.7795916016,1712.8774484,332.176524983,131.547009032,16663.227076,20358.482278,3753.82637085,1014.46140965,1327.81814234,8685.11251124,9944.10897433,6495.62253649,12127.2347631,11549.7206526,1576.8083566,0.6428829418240001,1.77940695718,914.657218782,380.249225584,4725.34816333,68.8
Mauritania,MRT,2013,22.5,23.08555722,34.9,26.17089369,2876.0,3704414.0,43259.209379,284943.706287,40435.3518636,29171.454117100002,202499.217639,64861.2735659,36704.619375300004,61359.069979199994,87445.1112957,21925.8815496,16888.8797288,16844.9347753,39332.8998879,61911.20187969999,58126.8419511,46958.984368699996,129148.55768599999,19135.100998700003,2.2106470593700003,110.59115616700001,5002.92284816,5954.91726168,55507.843476999995,29.4
Mauritius,MUS,2013,35.7,24.76665018,48.6,25.97078317,3065.0,1320785.0,5425.76489766,11120.135065999999,1710.62259614,521.7735238719999,10917.088164499999,9315.24375299,1369.59601901,29668.002229,63929.4005592,15170.3786274,8578.09986625,3520.16263433,18457.5885627,27085.0133528,75191.01179789999,25773.279050099998,33139.6273314,9171.42715965,474.86837241800004,0.0,5472.09398519,2356.5962599,11950.975483499999,32.3
Mexico,MEX,2013,62.9,27.39367034,64.7,28.49894798,3072.0,117478371.0,370959.21084,1278384.9162299999,93252.2872004,78898.48143,1448223.92533,455885.57054700004,93657.294184,2221882.43224,2737482.66385,765273.813131,1136307.3768200001,600465.726288,1788765.91763,2340801.56896,4173797.2469900004,1782121.5272099997,3456270.91401,1197948.0765200001,11386.4650137,55919.498680699995,364752.456741,1166215.5708,1283302.50244,62.1
Moldova,MDA,2013,47.9,26.22140655,46.8,27.20066413,2714.0,3495657.0,20971.627323599998,43530.32885969999,535.125893809,767.278821417,27894.0618962,13161.483762200001,2695.79218506,152156.266269,398716.903509,28431.5398815,84542.6671871,26813.004749400003,63447.5440574,113299.30151300001,54030.8887324,95975.66633119999,106751.00501000001,31384.479752499996,49.2493906381,338.363620893,27446.799551599997,14077.3649435,91142.7616902,52.1
Mongolia,MNG,2013,49.0,25.16227638,47.9,26.03479954,2510.0,2887863.0,16202.513232199999,62263.6883902,1412.55276534,2426.44759034,75877.9616768,16838.185985699998,4858.42464378,113282.419473,196683.350856,14994.936012200002,38430.6201545,20038.703488799998,35980.183486400005,78467.4854388,38083.6809223,40889.1216349,75554.6571862,37284.198927,102.222605893,0.0,30922.787175300004,16646.9033057,74514.70994410002,50.4
Montenegro,MNE,2013,63.0,26.62416532,47.5,25.62926709,3491.0,633167.0,190.204227812,2348.46958473,40.330578615,51.17292151149999,3208.62496827,1405.19458106,329.88220955400004,28063.238659599996,56314.0655868,2495.13794923,1319.0104624000003,2914.79156419,10020.6933204,12774.0173171,10662.083372799998,15041.1695595,14667.0811614,4536.80727909,0.7987738356820001,0.0,2937.11036723,1475.20017666,11250.6635807,60.7
Morocco,MAR,2013,48.9,24.78884712,59.2,26.12269629,3403.0,32925553.0,334591.62311,491993.208791,18878.427722200002,25666.774962299998,541778.620464,161825.36386500002,79592.19396749999,614238.017189,1400906.8429,218570.914886,82755.95849289998,87379.7341372,544995.079396,879055.49496,769251.009043,724954.243098,936378.651489,467032.41861999995,249.116879629,1733.24379755,82506.9070354,30607.5569999,345135.622944,56.5
Mozambique,MOZ,2013,11.7,21.47016645,27.2,22.87820947,2283.0,25028313.0,5527994.4261,2812033.6066400004,1990733.6261200001,181799.663719,2171646.10327,592854.887309,486917.087451,402142.150467,705163.300996,174600.404856,62354.28548,179481.282223,234385.32397399997,441496.55359300005,377286.26561,249127.63241599998,702802.712905,238400.059094,8118.25500603,18429.4560211,68386.70225449999,117444.143045,530522.0724760001,21.8
Myanmar,MMR,2013,13.9,21.94749891,22.5,23.2121732,2571.0,49119646.0,1049806.39457,1895548.1670400002,551810.533481,155125.60663199998,1346165.53802,320053.1499,96591.4074368,1759507.70735,2054003.4354,859864.243021,802980.557028,243559.923098,719144.961043,856591.721808,1024765.3598600001,853440.5047630001,1580114.87331,684024.703613,31720.544967,36815.1503711,142214.099948,87878.4576283,785000.7436439999,22.1
Namibia,NAM,2013,25.9,22.71290784,49.8,25.085362699999997,2171.0,2404477.0,324984.660521,158435.658662,11967.0433944,5716.94682414,104577.641504,24274.102063799997,9015.79688083,28570.680034200002,60859.6933716,23474.4836746,5229.02883407,9466.71609094,28549.7390142,46078.4688677,41071.67284,26633.265901299997,59608.569487400004,39459.8519655,22.0146028302,23.8044291544,11885.170921100002,24488.1084039,33479.7403904,34.1
Nepal,NPL,2013,15.0,22.58570865,21.5,22.06771175,2673.0,31535507.0,240780.34008400002,1521638.91823,168598.104131,129633.288213,1292800.67821,231793.547719,168137.508412,436447.57654700003,1101029.58121,546013.66858,149262.156977,144133.86689200002,378327.930117,528692.585338,456571.93180799996,465713.3747689999,679062.518755,269951.245099,15314.332854700002,3455.90443366,153880.768311,46861.977021,434086.026533,18.0
Netherlands,NLD,2013,62.2,25.8408359,48.2,25.04541578,3228.0,16761552.0,5607.58965765,109063.53450899999,146.286189477,1163.86942878,50915.425690599994,14265.204919,6000.92188935,886350.3113149999,583755.33609,197684.662621,34920.968733199996,56302.03049040001,363246.054243,437362.677712,236722.387241,526637.6301859999,444593.16453500005,63591.9761488,0.0,105.87366916100001,71904.7942717,11816.023578799999,145054.360569,61.0
New Zealand,NZL,2013,68.2,27.89967841,59.0,27.64073166,3137.0,4508166.0,1194.09661359,14994.243087399998,31.615919981999998,710.123364013,17196.403404900004,2287.27774912,1417.85550521,177049.02856600002,145116.781741,52778.124906699995,5590.05519416,11252.3002943,78388.15985519999,125342.060831,49471.4835901,131700.26223,107676.028928,26667.6447023,116.39960727200001,4.22282955711,23728.5370382,4257.08064155,40671.2367812,66.4
Nicaragua,NIC,2013,45.2,25.86388464,56.5,27.70063987,2638.0,6041763.0,9660.11048222,88899.6538467,5184.68395564,5359.55625298,74271.54898239998,19695.5179352,3780.44374061,82391.2393446,113585.808679,29143.4284242,36742.6164755,17332.2201467,76135.7820781,117832.13380999998,128667.941246,79489.4664706,159136.537902,42300.145703500006,2129.3532234,2644.88445284,23271.7049396,34927.3988859,54053.662725400005,52.4
Niger,NER,2013,11.1,21.25878836,25.1,22.05770256,2547.0,17239826.0,419691.639797,3677539.19294,3003114.35236,208094.835137,1404064.50804,593500.5603819999,99522.0927452,234908.313914,464702.182785,118889.347468,74506.2371779,124840.78154000001,154844.12706099998,276320.932125,327455.842114,181864.386574,686876.661021,122034.546255,2067.83228125,6356.34329107,27355.4322361,31642.3692114,389014.047551,18.5
Nigeria,NGA,2013,22.9,22.67372427,38.6,23.88683648,2700.0,170901148.0,11737225.8382,26537041.5136,22232551.1812,998107.433482,17250949.764000002,4633424.95424,1165572.32583,2179639.13339,2400092.04153,831428.141986,871889.088437,735349.713905,1503284.7802,2953167.61393,2738369.60071,1933536.98883,6939753.0204300005,1284053.57018,89.43979942680001,176831.937664,233145.53795700002,122357.34393599999,3164729.35312,24.1
North Korea,PRK,2013,18.6,22.236419899999998,22.0,22.20289507,2094.0,24654358.0,116907.59646500001,486625.680529,11015.6333467,31067.530850400002,656253.2706810001,167121.24343499998,34573.66571369999,1272523.03975,1820208.2046,586171.485306,110084.15572000001,107336.98641900001,273828.80357,503467.87504300004,415204.45935799996,472282.978587,832779.7807090001,434793.507072,2874.06176633,0.0,133035.76518,51217.510946099996,476001.218282,31.8
Norway,NOR,2013,64.9,26.95020291,51.9,25.35946973,3485.0,4991997.0,1410.16312107,27582.852407599996,34.209857278600005,328.406095207,12618.4845251,4285.19179562,1817.57950642,204975.578764,179228.229854,56090.96629419999,8431.08826713,14474.361959,107696.48998599999,144116.255646,62253.734226,130279.644454,120858.303754,20217.9062106,333.127177109,3.09718474018,24017.203715,3479.86188298,57011.641423,60.3
Oman,OMN,2013,60.3,25.94394645,65.6,26.13952808,3143.0,2957333.0,2086.66556754,29981.8288542,1105.4860846,696.250047753,34372.7453496,14850.7305803,7716.9278771,31386.380021900004,101717.583352,14650.2592236,5576.56803021,4319.46262105,49906.007587199994,94267.7523389,71608.73169510001,69094.492702,83499.13886939999,101084.004962,26.4163047179,0.0,6282.25584085,2382.7626855999997,32667.768099299996,52.8
Pakistan,PAK,2013,20.5,23.3205997,25.4,24.28293057,2440.0,183188847.0,2029871.77868,11679917.0047,740850.577322,1002093.8709600001,14155856.3207,2123225.12988,1533628.03227,4053609.35613,9346807.70383,2221151.6151799997,1222461.25489,974051.8898959999,2151476.6077099997,3417613.92766,3502984.97626,2361322.2842099997,4968335.81092,2388123.4168,58086.822595000005,182250.431655,389202.975676,627492.782137,2405735.0468900003,23.9
Panama,PAN,2013,57.1,26.27494385,63.2,27.64292694,2733.0,3678264.0,35359.2065738,55545.91509419999,2459.93810616,3513.16773205,38137.0038345,14295.796372499999,3300.28545513,75738.499719,91302.9882194,24334.970665599998,11135.6304347,12508.091991,52648.8708835,67508.08934430001,71021.86290660001,55526.8780574,110446.919249,33791.126694700004,605.469791589,52.1584448541,10721.2222222,37070.4412708,38175.28662880001,56.3
Paraguay,PRY,2013,50.8,25.88602809,50.5,25.98250391,2589.0,6798236.0,13997.8433631,94119.75429129999,10739.9920849,8383.16401766,110216.905547,38365.39467830001,19170.6861319,140247.54623900002,207509.682398,40908.7021961,19797.4420449,28678.020033700002,85688.8479537,146979.36321500002,133397.16034,105826.982743,183485.159357,90334.62324269999,593.817289472,13.229889066300002,20639.262467700002,48529.774646800004,71264.7375454,48.6
Peru,PER,2013,51.9,25.80602464,60.8,26.88187343,2700.0,30075185.0,78226.4601851,642787.739764,41435.6823165,38403.548652699996,494535.779525,144207.707768,28994.6805885,578683.834495,514974.841971,201966.508558,132947.050306,129435.45387699999,366666.045325,574668.529357,382087.079442,482384.214125,876008.0891610001,249434.130189,4197.86376792,1615.80965975,45263.0063996,64435.477021000006,465279.56335699995,54.2
Philippines,PHL,2013,21.2,22.98080048,26.3,23.31753367,2570.0,98112780.0,1240829.6187,3362849.25807,526904.359442,123548.557629,2443945.95978,379303.922293,176934.81609500002,2069807.7329400002,4929077.7661,1329898.43671,377573.588918,444692.496095,995511.741241,1600210.6932700002,2208283.9892700003,1532796.479,2963877.54863,681388.6075319999,444034.05211000005,49641.9281294,262158.329633,776641.492179,1071560.48772,24.3
Poland,POL,2013,64.7,26.8518481,51.9,25.7666445,3451.0,38331803.0,26575.3974665,252823.41619299998,1392.51871144,2346.73574686,128742.112658,70364.8343467,16967.836218200002,2169633.3116200003,2847489.77003,306428.836055,257704.910848,242735.039794,706005.934014,875377.746631,570104.640469,968843.008158,1044174.12866,346514.630795,107.799646636,0.0,286262.629788,47995.69439230001,863798.082718,60.4
Portugal,PRT,2013,61.7,26.75481341,49.1,25.43240032,3477.0,10704534.0,43028.176740300005,91470.87231939999,2948.26707711,882.0998864539999,20267.1359806,12674.004205500001,4095.29898305,523860.788741,489006.93741300004,118758.63045899999,56403.5322171,41310.6084071,240344.62302199999,274608.18385100004,201281.355297,316210.23278,263429.100956,68491.8737731,37.109391220999996,0.0,44877.0276389,10225.2169957,114122.80583800001,60.2
Romania,ROU,2013,63.2,26.13988805,49.4,25.08612268,3358.0,21338815.0,47372.552074800005,205388.83674600002,1221.68335614,3049.08285467,93082.2791883,72884.45093400001,14130.682238,1080973.60302,2281413.5359099996,182228.836057,267222.462099,119613.003204,360980.402571,396240.069252,255987.070538,524467.783784,531845.71695,171071.871544,1740.02773455,414.343455385,93657.43214460001,27940.492663999998,469549.599272,59.2
Russia,RUS,2013,59.4,26.12708345,54.7,26.93682109,3361.0,142557892.0,1493948.8200299998,1830374.4717700002,36621.247172300005,27379.3379633,830378.998385,159812.510947,128273.93405,6795431.20801,19324254.4118,1033333.90537,1633038.2124700001,1178602.6538200001,2316110.4581400002,5446657.256,1929853.9037900001,3300758.2299900004,3905469.11884,1878534.1543400001,3000.33333721,34936.521629300005,2126398.06836,1178772.85008,4521389.16748,59.3
Rwanda,RWA,2013,10.0,21.24325956,26.3,22.54386149,2228.0,11608439.0,482863.537654,982158.8533969999,239436.596656,58195.37023180001,594530.6411,226915.541554,95064.9112222,182340.85546400002,208375.413909,84515.26347,41498.1908273,65610.6847765,103093.43034800001,202247.90482999998,121453.888896,98918.67525860001,259109.087323,98168.669455,37.175471238600004,45907.865634500005,26493.5145828,32933.12201870001,193482.968069,20.1
Saint Kitts and Nevis,KNA,2013,51.4,28.10666707,63.1,30.38693364,2492.0,54338.0,,,,,,,,,,,,,,,,,,,,,,,,50.2
Saint Lucia,LCA,2013,47.2,28.83289619,59.6,29.83676115,2595.0,179515.0,585.8375289969999,1852.2146937,284.038106257,102.443365808,2550.46726293,783.078820523,267.35765751,5087.05951342,6970.09560425,1483.37124605,832.372264345,649.591998776,2732.73464697,3937.41853221,5208.28412446,3344.24947397,4568.88564681,1512.4233059,1.4812941925100003,0.0,590.8625801430001,1585.72268471,2101.84382879,45.9
Saint Vincent and the Grenadines,VCT,2013,48.5,26.06566799,59.2,27.76066687,2968.0,109354.0,1092.22785617,1465.91033002,117.88691352,66.574717885,1968.75608268,637.991327629,219.20425996900002,3831.73180874,5802.55429346,735.98801742,463.219733357,602.297698902,1568.01519111,2503.56383217,4223.53523245,1870.0920294,2879.45188356,733.820505169,626.598286155,0.0,399.32654454699997,1209.45539419,1679.50383656,52.2
Samoa,WSM,2013,73.0,30.03497858,81.9,33.68689403,2960.0,185727.0,462.228178389,4019.74590389,197.401253502,122.810207838,2598.15854913,1022.94931076,429.39387692199995,3521.15662503,9705.86370879,2482.13592317,785.893291507,663.1621849640001,1930.71326729,2983.30774198,6384.75228159,2899.25518122,4695.35703719,1282.50816674,22.4464585568,0.0,1111.2706554000001,518.585258938,2288.76780661,73.8
Sao Tome and Principe,STP,2013,23.4,23.81963537,39.4,25.38931334,2400.0,175383.0,1982.00330635,10103.1582404,1764.31182249,452.894097752,7253.52653339,3029.65967343,773.59083929,3193.64706964,4856.48351355,2018.83791323,1929.68126696,1037.66189816,1835.25615303,2908.55539328,3060.97837392,1873.51002975,5796.68262897,1185.94949745,0.0,0.0,165.90826404700002,643.184861508,2287.69846946,29.3
Saudi Arabia,SAU,2013,64.8,27.48177528,70.3,28.864812699999998,3255.0,29319402.0,40290.6852449,199441.590541,10296.7180016,4004.01140372,273219.572867,149595.495733,37018.57970269999,280564.75221999997,723888.971351,120286.711279,60455.370742,40048.4398381,404146.710171,671412.968451,446234.527741,568028.115985,718591.680419,515907.45355100004,25.3230517767,741.461378647,46766.9994771,15910.775328799999,366624.739155,66.4
Senegal,SEN,2013,19.1,21.77433029,34.6,23.89676583,2456.0,13454191.0,302585.448646,1404251.44011,348032.234549,113930.90827,879853.2205870001,297249.690634,78636.0832674,242615.88471599997,385741.848296,95240.1359736,74034.3039258,84504.5201084,145085.658986,225563.718242,259600.145886,146646.231965,516675.717339,105615.1395,28.6402336836,359.267677167,38067.0735647,15221.570528,256065.713702,23.2
Serbia,SRB,2013,58.8,26.27799889,45.4,25.25843098,2728.0,9835010.0,4305.97729185,43418.0427591,513.81497452,1093.5498893,48110.8962616,21695.750019799998,4032.25143867,548705.644177,908108.9230180001,87909.8619253,33028.9944219,58259.5745072,165291.530283,181547.308233,186235.15656300003,242441.16875399998,240881.31274099997,68722.0674943,45.0447317199,5338.53614975,57024.096766999995,15285.233406,152149.81081,58.9
Sierra Leone,SLE,2013,16.3,21.91175623,32.8,23.49306368,2404.0,6255163.0,253487.605039,1160141.78371,856754.602559,76626.1732823,544669.654131,155517.463874,29805.2587032,101718.40969,203927.46993599998,45461.13809080001,39721.562679300005,46178.0285143,55758.957569000006,103748.736424,149329.971004,66393.2312442,322934.134437,54478.7227018,25.438419797199998,3795.46306643,13072.357088600002,7816.86140249,133271.922743,23.3
Slovakia,SVK,2013,63.9,27.06453392,49.1,25.33754146,2944.0,5488775.0,1047.37153269,42708.458797,90.6342005098,453.654830339,20927.215073500003,10318.024997600001,2524.1699333,279167.852488,424555.961931,32138.686184099995,48367.023635800004,32845.8350496,96474.1337358,111325.630864,76867.4548105,145399.850516,128041.51531900001,39490.24019630001,25.429944945,0.0,27615.3853107,8385.4670114,118192.02058299999,57.8
Slovenia,SVN,2013,63.7,26.57679967,49.4,26.24400936,3168.0,2044766.0,401.542037991,10138.735035400001,72.4572091878,159.300740886,4740.13689419,3895.19520475,940.1851267389999,108213.879115,108338.234769,13529.7634722,15179.138391999999,11460.173685,40320.426121,48136.4564916,28810.3376625,59763.513161099996,53608.513903800005,14039.035580599999,128.329284724,8.8005637671,15367.697109600002,1860.30172879,54080.5289152,58.9
Solomon Islands,SLB,2013,38.4,24.16199837,55.6,26.355636800000003,2391.0,580791.0,3904.08378715,23544.1839715,2117.71574898,1945.49452216,16077.7205046,5763.31133588,6035.80871721,12915.7389465,44930.5766295,12881.9118119,3244.23100805,3616.04999044,5069.11887134,8706.24555399,22912.272992500002,7688.81330782,16644.4439371,6250.01350088,643.1494104880001,0.0,4788.86422042,2200.32108232,11298.513050399999,48.9
South Africa,ZAF,2013,39.3,24.81602133,63.6,29.16004737,3022.0,50981076.0,12890850.6132,2291444.05408,170227.881667,136282.192327,1388910.7782299998,349817.842473,187806.397677,1207493.74474,1730324.45515,658890.068715,148636.78582000002,228821.183951,753450.5547600001,1141233.7016200002,1628557.4616399999,761354.273412,1348970.03542,1136155.37108,9057.01562934,7682.74701295,336383.266598,1043543.6321700001,727234.42152,49.5
South Korea,KOR,2013,36.8,24.14733626,29.4,23.19240091,3334.0,48774767.0,68411.77944550001,212872.08289700001,42193.0921014,3912.38745764,113042.85868699999,110730.257173,18707.4061638,1933414.9761299998,1246596.5381200002,377296.815204,269847.678331,125760.23910199999,882695.9091469999,1186175.11666,821594.0286130001,1250428.13301,1068525.65365,376823.28446999996,1606.59615317,37.5811330754,554623.543658,48138.1406542,580021.546622,30.8
Spain,ESP,2013,66.7,27.43407353,54.3,25.83970105,3174.0,47042602.0,64038.300452100004,209848.35301,4885.05330915,3777.79017064,106616.04351,49010.7839768,15908.9921468,1985766.1073,1634959.93969,474720.455816,171392.72515399999,169120.76268299998,1154956.3188399998,1147366.29572,658510.106933,1190687.84773,1110257.3608600001,216315.911128,121.649875491,245.84539406,130801.086095,28880.8601608,497703.020141,65.4
Sri Lanka,LKA,2013,16.6,22.46170949,29.7,23.44173012,2539.0,21393876.0,28549.497461900002,233401.264695,36393.482969,7944.80679947,163122.792535,78382.9702557,20984.372566799997,361976.064804,847807.727728,282361.670704,140148.954204,31973.9159084,275242.060219,383223.003344,508624.30296099995,355342.67881199997,529125.328209,158156.990678,12118.0093458,30394.014456800003,207103.587868,62063.3440949,243948.794536,21.9
Sudan,SDN,2013,21.1,23.53156585,33.3,26.51019635,2336.0,35940905.0,346084.52194899996,1681600.2868899999,380597.59486300003,184333.95892,1918293.9169400001,498858.767479,333836.6713,490218.65348000004,1657259.9378799999,306851.172133,127206.25180499999,128901.37106199999,457947.21624,774279.0031689999,684447.824521,604494.02747,2090576.0264400002,942267.1835700001,4626.99652776,227374.93674299997,84980.9385694,44259.273698000005,690146.278393,
Suriname,SUR,2013,51.2,26.14166932,62.1,27.90608422,2753.0,538882.0,4210.02937434,10469.8508066,1323.12115377,393.37746634900003,17318.737680500002,2858.26901258,1012.63941547,14124.894070800001,26744.652282799998,4173.42575495,2730.59242962,3654.84257314,7391.4666671,12636.887357700001,16290.688009799998,8973.78215767,16717.8546261,6105.22093709,0.24052132481199998,17.3857888251,6230.0882197,2798.72165469,8496.93749518,57.0
Swaziland,SWZ,2013,25.0,23.89943885,53.7,28.70831897,2329.0,1237166.0,399165.621515,141146.25501199998,5699.72471535,2712.90266124,61433.61239480001,13722.6045012,4664.28380281,22399.6349944,39864.7939264,16281.7377279,3859.51202024,6149.3381547,16241.5076525,25674.1825743,39291.637925099996,13576.021981400001,34324.0470134,27430.263736400004,4.60659218458,0.0,9290.36919809,14936.2357572,24025.185420599995,31.2
Sweden,SWE,2013,62.1,26.61841132,48.6,25.28202634,3179.0,9545823.0,2706.37490736,51769.1101888,85.1200613149,601.112533085,23158.188992099997,6872.33048921,3766.62804674,403524.59753,449827.164164,103186.246415,22181.519848400003,29750.776056200004,205765.147386,268203.75144699996,133242.02700499998,301359.215327,238552.60624000002,33270.365624,8.97245487399,0.0,52921.73774030001,8379.58525023,112957.798643,58.5
Switzerland,CHE,2013,63.9,26.4493151,47.0,23.68519008,3391.0,7761820.0,3998.71127572,33370.4367233,106.723750876,499.42773761300003,33538.4943745,13655.5550046,5037.29829289,314321.15178899997,280636.432326,72030.3936946,21153.0231081,26383.901868099998,184743.33706,207011.946889,101874.068166,261133.005064,210945.962737,30053.1321629,801.177329661,0.0,44289.0196742,5375.20110141,96512.0289262,56.6
Taiwan,TWN,2013,41.9,24.76242734,33.2,23.03145436,2997.0,23151000.0,26220.6494338,171211.604685,21230.2300916,2091.70401162,55193.448337099995,24653.3583447,20619.4616959,1045908.75447,734946.612496,208873.50512000002,173363.44637,92998.6814449,316326.663893,494009.192712,626094.478975,542172.9984810001,498286.613295,200419.422616,655.984567803,0.0,144780.723841,26986.7897098,183358.99183299998,
Tajikistan,TJK,2013,38.6,25.12730041,45.7,25.30742845,2201.0,7183529.0,26094.6564243,476680.533542,13291.441871500001,5432.39830758,304536.907291,54293.189497,22712.7416492,110630.89694400001,322094.888904,51161.528682899996,45533.2474524,33638.361867,105587.437638,139001.253391,103286.32734,96397.0010674,205168.664091,37832.059392400006,474.093116007,4034.9655439999997,18666.707276700003,14537.9115964,173715.18536300003,39.0
Tanzania,TZA,2013,14.8,22.22393022,31.2,23.74042171,2208.0,49153002.0,4369981.20379,5147381.416569999,1548037.17634,446373.95909799996,3256315.35404,1381816.75104,598593.939335,910795.9899940001,1284955.65285,365603.629716,215890.83405799998,322365.786788,458040.871301,822102.176855,705448.5484600001,443492.683092,1278308.83839,378382.760067,40.898735145799996,63.864127757,113708.503132,266749.15916,1018133.6838799999,22.5
Thailand,THA,2013,25.1,23.40453239,32.4,24.41636721,2784.0,70243267.0,729261.72405,1049079.77675,151541.356681,13249.876242799999,292985.68375900004,101800.590025,80150.82354530001,2337549.5073599997,2094479.8721900003,827395.289571,416867.035381,249797.117931,980226.2302459999,1419027.25637,1372714.58931,1600632.72575,1682940.29213,1081736.54956,6946.77224293,12025.3381107,359510.695534,283310.418,823506.5523239999,31.3
Togo,TGO,2013,15.3,22.42827364,32.8,24.12596568,2454.0,6412560.0,407959.659111,593283.516818,652931.080046,40812.290365,444508.97427299997,109488.648298,38817.055870599994,119817.767097,216737.434541,52432.416336400005,41166.6670472,46229.9711237,67997.6687493,118184.55171199999,123135.776902,76016.1410988,247294.886871,56468.5282102,5.70280342241,120.24389856100001,25872.319201,16096.497721599999,118209.914203,23.1
Trinidad and Tobago,TTO,2013,50.2,27.254332199999997,63.7,28.70801305,3052.0,1355342.0,11537.6693733,11853.4129806,1384.20071797,609.851282997,19856.7396909,4680.46718376,1546.95257112,40419.63965969999,73441.1799087,9962.96647153,5376.02751916,7694.74482393,20566.7858366,30759.969337000002,68962.6630846,27858.7177903,34649.8889061,13535.9677379,1.55326087681,3.26664239698,8347.32164068,16559.879153,15506.4413058,45.0
Tunisia,TUN,2013,54.5,25.05954274,63.8,26.87154901,3349.0,10813680.0,10997.274250499999,88751.86910010001,2393.19497047,3965.94706231,136369.220292,17259.5743381,12386.7563796,256113.010806,442524.790004,75940.50623160001,27769.2682449,28179.709828900002,185433.52558,264283.665842,233757.13650100003,257069.31442100002,314256.61825,143046.48313900002,20.2691310849,11529.997310200002,20106.763588799997,9023.01861185,113087.90844200001,59.3
Turkey,TUR,2013,62.4,26.77511817,68.0,28.53225474,3706.0,75359032.0,33501.0753995,531082.7470420001,14624.249870399999,15680.633599200002,1081457.8893600001,270649.745652,93328.45206289999,1895960.67565,2323001.76969,673205.071734,126652.261252,179339.592384,1404742.15811,1703591.2113,1488527.789,1829211.76791,2262435.7124099997,506483.61641,3678.46921922,76818.619587,117940.537157,109640.741954,675561.945408,64.5
Turkmenistan,TKM,2013,51.5,26.1754655,52.9,26.25826217,2840.0,5234640.0,36600.920933999994,181636.68161099998,1003.88496243,1147.88652045,157225.862105,23142.3683357,13535.199703600001,102044.211433,378287.584519,23275.8205262,82713.7830881,19086.938471200003,66427.0059525,100300.708108,95099.9149435,73720.44460439999,184806.503642,31280.738977599995,1178.35053015,0.0,24231.3964565,16650.7414793,94480.86875639998,46.7
Uganda,UGA,2013,12.1,21.35623469,27.6,22.91021621,2130.0,36759274.0,3914837.62544,3841259.83616,2415589.6143400003,258992.02350399998,3081250.54079,889588.3872229999,498874.655919,662391.729077,739172.56276,248021.7183,147630.32458800002,251771.27771700002,334389.145334,646587.263147,495387.281871,298314.80755100003,862688.8721479999,336046.238257,78.72831706630001,19704.1287521,125541.805933,171682.641906,728193.077853,17.6
Ukraine,UKR,2013,56.6,26.21388486,51.5,26.11862981,3138.0,44696741.0,526886.142747,344300.97342,6583.79802956,9735.56193814,268864.027495,34391.4385218,37389.322288699994,2132175.27539,7040679.403419999,390978.51175999996,637331.888917,269291.680606,824421.389085,1588430.33944,560387.807376,1236443.9351899999,1220689.83226,431337.584499,948.7181948589999,2416.68190178,448087.685662,191255.439958,1199893.42286,60.1
United Arab Emirates,ARE,2013,67.5,27.38807238,72.3,28.877800899999997,3280.0,8207940.0,7819.078193699999,52126.6739919,1302.89922413,1430.54593941,44202.675824800004,38186.4946612,15887.0227419,101422.00086,278110.342652,75552.1306638,13993.026880000001,17766.766673,118814.65301300002,239180.646952,156982.30293,185716.365355,194170.944496,215550.533503,0.0,0.0,23171.4901431,9965.67336312,138887.351226,60.5
United Kingdom,GBR,2013,67.2,27.3186382,58.0,26.967304100000003,3424.0,63177406.0,25851.065316,520561.10148,774.0094517680001,7181.90704253,237123.96489200002,63176.656690100004,27147.823541799997,3004133.84494,2654128.9900599997,894959.3301540001,274365.624833,337487.28043600003,1439930.52761,1717582.46495,719380.8571060001,1942751.34422,1748636.27909,218517.216195,527.313692991,711.9091391569999,238156.86265500003,38583.7921558,650139.911205,65.4
United States,USA,2013,72.3,28.86175228,62.4,28.61688055,3682.0,318497630.0,440946.80361899995,1995264.57858,10780.2908811,74407.81001310001,1459093.9529799998,195113.147959,182920.49008599998,12792401.7342,13947894.3393,4460772.95247,1644122.68885,1178699.84327,5910438.65784,11779741.0157,6839153.281830001,8729822.52467,7756198.249410001,2579746.06604,14196.392431799999,11214.691342799999,1858715.24974,1123469.8673,3478128.84413,68.6
Uruguay,URY,2013,62.1,26.70919435,60.1,26.91125466,3050.0,3403117.0,9236.55254467,31739.742755199997,624.744387436,937.0723486160001,19254.719001700003,7309.69289547,1579.99490359,174598.043127,155839.392986,41588.5078627,11496.083365999999,16695.9898083,57813.699858399996,78970.4971047,56582.23594219999,92162.4232254,93917.5254653,32607.3306114,6.58598524336,0.0,25440.402472,10618.382464,47864.071875,62.9
Uzbekistan,UZB,2013,46.0,25.64746141,49.8,26.22952958,2760.0,28398155.0,142459.02421,1006704.7789299999,11466.0196714,12909.9502677,607679.846734,259928.18352199998,48487.1996982,530909.488189,2220609.18187,166600.34166900002,380708.30412800005,92145.13888639999,439551.94323000003,512508.27146899997,526587.7594979999,424766.856149,670620.99436,280466.158,0.0,170.415471994,180452.390368,63726.5494222,520394.438354,43.0
Vanuatu,VUT,2013,46.7,25.30757874,60.4,26.66816403,2836.0,257812.0,1545.51406058,13420.3820699,1128.61836059,709.163110135,9031.885223000001,3215.92217467,1813.21256129,5486.56406503,23213.8986621,5631.37057621,1368.58408013,1645.32115328,2377.68522058,4042.07502874,9106.47602851,3678.66391705,8448.05281363,2901.97117035,30.6944351875,0.0,2102.91773656,310.15011653700003,5189.84722379,51.7
Venezuela,VEN,2013,61.6,27.21016129,63.4,27.00682134,2631.0,30340637.0,128248.573905,369429.389868,76431.6530226,27024.323658700003,434270.90673100005,53763.324551900005,24947.7590729,674656.880765,891106.813943,168177.854956,103776.653378,95571.794286,407351.435405,544878.644173,579994.265047,427511.73341,793683.549225,464597.260658,2607.61608402,84.598447447,145147.24106600002,709117.09142,350342.784075,61.0
Vietnam,VNM,2013,15.0,21.08743355,20.0,21.07354329,2745.0,90656550.0,868519.40942,1227131.88021,296686.495364,21081.0792349,839113.741317,205700.227652,102540.124037,2906361.75032,3801140.5720599997,993876.432018,571736.534286,272308.798372,1307157.50027,1678593.42074,1457593.27386,1596713.83023,2419650.88158,1322983.9686,12366.2890078,666.336784143,324208.194143,144402.00238599998,1392924.54828,16.0
Zambia,ZMB,2013,18.0,21.26378567,36.1,23.49008551,1930.0,14314515.0,2514385.57885,1891404.55169,507173.66129799996,79408.1828068,1024415.03914,466897.43503900006,162484.15001500002,299927.54972199997,467460.146468,113915.388154,99909.66797339999,140608.907122,152321.402184,247586.849552,239549.111193,133765.189065,351454.41983699996,153787.32506,2.68076832456,38.3561704506,52073.8382126,90722.5800754,349477.271275,22.3
Zimbabwe,ZWE,2013,19.1,21.93370333,48.9,24.93163594,2110.0,13327925.0,3078794.08211,1562988.1496299999,152482.68627,129408.04961300001,1000881.7382799999,276899.520793,65538.4864048,337316.87457600003,450369.361892,132678.29081500001,36949.3109618,118046.93602200001,152692.770866,264099.869552,275381.058216,148140.172389,440912.10059399996,200900.950355,7768.71625203,69.2495520759,84483.38955519999,94642.627944,201349.22025399999,30.8
